{"cameraMode":{"drawMode":0,"name":"Shaded","section":"Shading Mode"},"sceneLighting":false,"audioPlay":false,"sceneViewState":{"showFog":true,"showMaterialUpdate":false,"showSkybox":true,"showFlares":true,"showImageEffects":true,"showParticleSystems":true},"in2DMode":false,"pivot":{"x":-238.03414916992188,"y":59.42109680175781,"z":-40.218650817871097},"rotation":{"x":-0.025795647874474527,"y":-0.40236976742744448,"z":-0.011342865414917469,"w":0.9150434732437134},"size":3.562544822692871,"orthographic":false}