{"cameraMode":{"drawMode":0,"name":"Shaded","section":"Shading Mode"},"sceneLighting":false,"audioPlay":false,"sceneViewState":{"showFog":true,"showMaterialUpdate":false,"showSkybox":true,"showFlares":true,"showImageEffects":true,"showParticleSystems":true},"in2DMode":false,"pivot":{"x":-2.0704686641693117,"y":-6.17198371887207,"z":91.77083587646485},"rotation":{"x":-0.025795647874474527,"y":-0.40236976742744448,"z":-0.011342865414917469,"w":0.9150434732437134},"size":9.165970802307129,"orthographic":false}