{"cameraMode":{"drawMode":0,"name":"Shaded","section":"Shading Mode"},"sceneLighting":false,"audioPlay":false,"sceneViewState":{"showFog":true,"showMaterialUpdate":false,"showSkybox":true,"showFlares":true,"showImageEffects":true,"showParticleSystems":true},"in2DMode":false,"pivot":{"x":-3.6399471759796144,"y":-0.2999999523162842,"z":10.947998046875},"rotation":{"x":-0.025795647874474527,"y":-0.40236976742744448,"z":-0.011342865414917469,"w":0.9150434732437134},"size":40.93080139160156,"orthographic":false}