{"cameraMode":{"drawMode":0,"name":"Shaded","section":"Shading Mode"},"sceneLighting":false,"audioPlay":false,"sceneViewState":{"showFog":true,"showMaterialUpdate":false,"showSkybox":true,"showFlares":true,"showImageEffects":true,"showParticleSystems":true},"in2DMode":false,"pivot":{"x":12.172004699707032,"y":-1.197288990020752,"z":-8.420417785644532},"rotation":{"x":0.06115588918328285,"y":0.8577187061309815,"z":-0.10500320047140122,"w":0.49955281615257265},"size":22.0,"orthographic":false}