{"cameraMode":{"drawMode":0,"name":"Shaded","section":"Shading Mode"},"sceneLighting":true,"audioPlay":false,"sceneViewState":{"showFog":true,"showMaterialUpdate":false,"showSkybox":true,"showFlares":true,"showImageEffects":true,"showParticleSystems":true},"in2DMode":false,"pivot":{"x":-10.231695175170899,"y":-2.283144474029541,"z":23.78886604309082},"rotation":{"x":0.06131332740187645,"y":0.856968343257904,"z":-0.10491134971380234,"w":0.5008388757705689},"size":2.9763846397399904,"orthographic":false}