{"cameraMode":{"drawMode":0,"name":"Shaded","section":"Shading Mode"},"sceneLighting":false,"audioPlay":false,"sceneViewState":{"showFog":true,"showMaterialUpdate":false,"showSkybox":true,"showFlares":true,"showImageEffects":true,"showParticleSystems":true},"in2DMode":false,"pivot":{"x":-235.63783264160157,"y":46.9533576965332,"z":136.73892211914063},"rotation":{"x":0.24335743486881257,"y":0.06048106029629707,"z":-0.015206113457679749,"w":0.9679297804832459},"size":7.215263843536377,"orthographic":false}