{"cameraMode":{"drawMode":0,"name":"Shaded","section":"Shading Mode"},"sceneLighting":false,"audioPlay":false,"sceneViewState":{"showFog":true,"showMaterialUpdate":false,"showSkybox":true,"showFlares":true,"showImageEffects":true,"showParticleSystems":true},"in2DMode":false,"pivot":{"x":-170.54490661621095,"y":57.468017578125,"z":22.7689266204834},"rotation":{"x":-0.025795647874474527,"y":-0.40236976742744448,"z":-0.011342865414917469,"w":0.9150434732437134},"size":8.814875602722168,"orthographic":false}